-- phpMyAdmin SQL Dump
-- version 4.7.0
-- https://www.phpmyadmin.net/
--
-- Hôte : 127.0.0.1
-- Généré le :  mar. 17 juil. 2018 à 14:13
-- Version du serveur :  10.1.21-MariaDB
-- Version de PHP :  5.6.30

SET SQL_MODE = "NO_AUTO_VALUE_ON_ZERO";
SET AUTOCOMMIT = 0;
START TRANSACTION;
SET time_zone = "+00:00";


/*!40101 SET @OLD_CHARACTER_SET_CLIENT=@@CHARACTER_SET_CLIENT */;
/*!40101 SET @OLD_CHARACTER_SET_RESULTS=@@CHARACTER_SET_RESULTS */;
/*!40101 SET @OLD_COLLATION_CONNECTION=@@COLLATION_CONNECTION */;
/*!40101 SET NAMES utf8mb4 */;

--
-- Base de données :  `towardmastery`
--

-- --------------------------------------------------------

--
-- Structure de la table `Article`
--

CREATE TABLE `Article` (
  `id` int(11) NOT NULL,
  `date` datetime DEFAULT NULL,
  `status` varchar(255) COLLATE utf8_unicode_ci NOT NULL,
  `cover` varchar(255) COLLATE utf8_unicode_ci DEFAULT NULL
) ENGINE=InnoDB DEFAULT CHARSET=utf8 COLLATE=utf8_unicode_ci;

--
-- Déchargement des données de la table `Article`
--

INSERT INTO `Article` (`id`, `date`, `status`, `cover`) VALUES
(1, '2018-04-26 00:00:00', 'public', 'graduation.jpg'),
(2, '2018-05-15 14:00:00', 'public', 'cover_budapest.jpg'),
(3, '2018-06-27 00:00:00', 'public', 'robot_cover.png'),
(4, '2018-07-08 00:00:00', 'public', 'order_chaos.jpg'),
(5, '2018-07-16 00:00:00', 'public', 'mrrobot_ransomware.jpg');

-- --------------------------------------------------------

--
-- Structure de la table `articles_tags`
--

CREATE TABLE `articles_tags` (
  `tag_id` int(11) NOT NULL,
  `article_id` int(11) NOT NULL
) ENGINE=InnoDB DEFAULT CHARSET=utf8 COLLATE=utf8_unicode_ci;

--
-- Déchargement des données de la table `articles_tags`
--

INSERT INTO `articles_tags` (`tag_id`, `article_id`) VALUES
(1, 3),
(1, 5),
(2, 1),
(2, 4),
(3, 3),
(4, 2);

-- --------------------------------------------------------

--
-- Structure de la table `ArticleTranslation`
--

CREATE TABLE `ArticleTranslation` (
  `id` int(11) NOT NULL,
  `article_id` int(11) DEFAULT NULL,
  `title` varchar(255) COLLATE utf8_unicode_ci NOT NULL,
  `slug` varchar(255) COLLATE utf8_unicode_ci NOT NULL,
  `content` longtext COLLATE utf8_unicode_ci NOT NULL,
  `language` varchar(5) COLLATE utf8_unicode_ci NOT NULL
) ENGINE=InnoDB DEFAULT CHARSET=utf8 COLLATE=utf8_unicode_ci;

--
-- Déchargement des données de la table `ArticleTranslation`
--

INSERT INTO `ArticleTranslation` (`id`, `article_id`, `title`, `slug`, `content`, `language`) VALUES
(1, 1, 'Why I gave in to entrepreneurship straight out of college', 'why-i-gave-in-to-entrepreneurship-straight-out-of-college', '<p>When I was a kid, I wanted to be an inventor.</p>\r\n\r\n<p>I liked pretending to build advanced technologies out of wooden sticks and crayons. Children like to babble about their future job titles, though mine never changed since I was ten years old. At the time, my teacher asked the class to write down some ideas about who we would like to be when we grow up. I vividly remember coming up with two titles, one of them being “<span class=\"font-italic\">architect</span>”, yet only writing down the latter : “<span class=\"font-italic\">scientist engineer</span>”. My adult self still wonders what “<span class=\"font-italic\">scientist engineer</span>” actually even mean, although it was, at the time, the closest I could imagine to an inventor career.</p>\r\n\r\n<p>At thirteen years old, I stumbled upon some tutorials on “Le Site du Zéro” (now OpenClassrooms.com) concerning software development. That’s when I wrote my first Hello World program. I instantly fell in love with this idea of making stuff out of apparently nothing, much like drawing on a white canvas. I later did a bit of web development, but nothing extraordinary - mainly colorful HTML rectangles with some text. Still, my dream job went from “<span class=\"font-italic\">scientist engineer</span>” to computer engineer. After graduating from high school, I entered INSA Lyon, a french engineering school. Two bumpy years passed, and I joined INSA Lyon’s telecommunications department.</p>\r\n\r\n<p>My time spent as an engineering student allowed me to experiment career-wise. I worked as a webmaster for two months in a humanitarian association. Next, I assumed the role of an IT manager in a student NGO for two years. I finished my degree inside a consulting company as a software engineering intern for six months.</p>\r\n\r\n<p>My passion for building useful things triggered my desire to become an engineer. The opportunities offered to me lead me to be an entrepreneur.</p>\r\n\r\n<p>Right before the start of my end-of-study internship, Pierre-Alexis, an engineering friend of mine, proposed coming aboard a startup project as a web developer. I quickly agreed to meet the team, and this side hustle project ended up becoming Justinien four months down the road.<br>\r\nIn the fifth month, the company was officially established. I was in the middle of an hiring process at a consulting firm in Paris, revolving around a well-paid and interesting data science job, when I decided to put a stop to it. I realized that I wanted to dedicate myself fully to the entrepreneurship journey, that it was meant for me.<br>\r\nI finished my internship two months later. It has now been a month since I have become a full-time technical co-founder.</p>\r\n\r\n<p>Starting a company, what more at a young age and fresh out of college, is often considered a bold and risky move. I think it is not, or at least, that it does not have to be. I rationalized my fear of starting in a simple manner. </p>\r\n\r\n<p>On one hand, the notion of a “most appropriate time to start” is more flexible than one might think. In my case, Justinien is a legal technology startup, so I had no need for either a big network or a lot of money to start. I am currently living in Budapest under $1000 a month without sacrificing my well-being. I saved around $24000 over five years from previous scholarships and earnings. If I were to relocate to South-East Asia, I could endure another two to three years from this money. Heck, you don’t even need a perfect-thought-out idea to begin with. You can figure out the exact opportunity later. All you need is to start doing : get the right issue to tackle, the right people to work with - or, maybe even none ! - and the right mindset to begin with. Not so easy, yet achievable. The moment I choose to go full-time is when I believed I had acquired all three - and I still do.</p>\r\n\r\n<p>I believe my startup solves the right challenge, considering it solves an important issue, in a unique way, while creating value out of it.<br>\r\nI believe I have the right partners, being able to execute our common vision in a synchronised fashion without rejecting our individual aspirations.<br>\r\nI believe I have the right mindset : a full confidence in my skills. I am confident I can learn anything I want. I am fearless I can execute at will without the need for external motivation. I am convinced going all-out will ensure the success of this adventure. There is the fear of starting, and there is the fear of finishing. I wish I had neither of them. However, I can overcome them.</p>\r\n\r\n<p>What is the worst case scenario anyways. Having to find a job ? Running out of money ? Moving out with my parents ? Not so bad.<br>\r\nI am positive I can find a job anytime I want, considering the skills entrepreneurship is teaching me. I solve problems. I become a proactive and independent craftsman. I know how to add value to the tiniest detail. What kind of business would not want this kind of worker ? Surely not one you want to work for.</p>\r\n\r\n<p>If you consider starting a venture, I would give you the same advice Bukowski once wrote to aspiring writers.<br>\r\nDon’t do it for fame. Don’t do it to get someone in your bed. Or to get rich. Don’t even think about it as a way to be free, owing to the fact that you will trade a form of slavery for another. Don’t choose it.<br>\r\nDo it because it’s bursting out of your very soul, and you have no other choice but to give in to it.</p>\r\n\r\n<p class=\"font-italic\">Note : I want to thank <a href=\"https://www.linkedin.com/in/justinlimjt\" target=\'_blank\'>Justin Lim Jia Tian</a> for proofreading and suggesting improvements to this essay. Your relevant feedback is always much appreciated !</p>\r\n', 'en'),
(2, 1, 'Pourquoi je me suis abandonné à l\'entrepreneuriat dès la sortie de l\'université', 'pourquoi-je-me-suis-abandonne-a-lentrepreneuriat-des-la-sortie-de-luniversite', '<p>Petit déjà, je voulais devenir inventeur.</p>\r\n\r\n<p>Je me plaisais à concevoir des technologies avancées à partir de bouts de bois et de crayons de couleur. Les enfants aiment imaginer leurs futurs métiers, et ne se privent pas de partager leurs idées. Mon idée n\'a pas changé depuis que j\'ai dix ans. À cet âge, mon enseignante avait demandé à la classe de rédiger une liste de métiers qui nous attiraient. Je me rappelle très distinctement des deux chemins que j\'ai envisagé ce jour-là : “<span class=\"font-italic\">architecte</span>”, et “<span class=\"font-italic\">ingénieur scientifique</span>”, avant de me résoudre à écrire le second. Je ne me souviens pas vraiment de ce que j\'entendais par cette expression. J\'estimais que c\'était la bonne traduction du mot <span class=\"font-italic\">inventeur</span> en langage adulte.</p>\r\n\r\n<p>À treize ans, je lisais des tutoriels informatiques sur “Le Site du Zéro” (maintenant OpenClassrooms.com). Je rédigeais alors mon premier programme \"Hello world\". Je suis immédiatement tombé amoureux de cette idée consistant à créer à partir du vide, semblable à dessiner sur une feuille vierge. Plus tard, je me penchais sur le développement de sites web, sans rien réaliser d\'extraordinaire - principalement des rectangles virtuels de couleur avec un peu de texte. Je ne me rêvais plus en tant qu\'“<span class=\"font-italic\">ingénieur scientifique</span>”, mais ingénieur informatique. Après le lycée j\'intégrais l\'INSA de Lyon, une école d\'ingénieur, et deux années houleuses plus tard, j\'étais admis au département Télécommunications, Services et Usages.</p>\r\n\r\n<p>Mon temps passé en tant qu\'élève-ingénieur m\'a permis d\'expérimenter plusieurs voies de carrière. J\'ai travaillé en tant que administrateur de site web pendant deux mois au sein d\'une association humanitaire. Puis, j\'ai assumé les fonctions de responsable informatique dans une organisation non gouvernementale étudiante durant deux ans. Enfin, j\'ai terminé mon diplôme à l\'intérieur d\'une société de conseil comme ingénieur informatique stagiaire sur six mois.</p>\r\n\r\n<p>Ma passion pour la création d\'outils utiles m\'a inspiré à devenir ingénieur. Les opportunités qui se sont offertes à moi m\'ont conduit à devenir entrepreneur.</p>\r\n\r\n<p>Juste avant de commencer mon stage de fin d\'études, Pierre-Alexis, un ami ingénieur, me proposait de rejoindre un projet de startup en tant que développeur web. Je me décidais rapidement à rencontrer l\'équipe. Ce projet parallèle est devenu Justinien quatre mois plus tard.<br>\r\nAu cinquième mois, l\'entreprise était officiellement enregistrée. J\'étais au milieu d\'un processus de recrutement dans une firme de conseil à Paris, en vue d\'un contrat à durée indéterminée dans le domaine de la science des données, intéressant et généreux, quand je me décidais à y mettre fin.<br>\r\nJe terminais mon stage deux mois plus tard. Cela fait maintenant un mois que je suis co-fondateur technique de Justinien à temps plein.</p>\r\n\r\n<p>Débuter une entreprise, qui plus est à un jeune âge et tout juste sorti de l\'école, est souvent vu comme une manoeuvre audacieuse et risquée. Je ne pense pas que ce soit le cas, ou du moins, que ça n\'a pas à l\'être. J\'ai rationalisé ma peur de démarrer d\'une manière simple. </p>\r\n\r\n<p>Dans un premier temps, la notion de “moment le plus approprié” est plus flexible qu\'on ne le pense. Dans mon cas, Justinien est une startup de technologies juridiques. Nous n\'avions besoin ni  d\'un réseau important ni de beaucoup d\'argent pour commencer. Je vis actuellement à Budapest en dessous de 1000 euros par mois sans sacrifier ma santé. J\'ai économisé près de 24000 euros à partir de mes bourses d\'études et de mes salaires acquis ces cinq dernières années. Si j\'emménageais en Asie du Sud-Est, je pourrais tenir financièrement deux ou trois autres années. Quand j\'y pense, il n\'est même pas nécessaire de débuter avec une idée parfaitement élaborée. Cela peut attendre. Ce qui est primordiale en revanche, c\'est de commencer à faire quelque chose : trouve un problème à traiter, les bonnes personnes avec qui travailler - ou peut-être aucune - et le bon état d\'esprit. Pas si simple, mais faisable. J\'ai décidé de me lancer à temps plein quand j\'ai estimé avoir acquérir les trois.</p>\r\n\r\n<p>Je crois que ma startup résoud le bon problème : une problèmatique importante, auquelle nous apportons une solution originale tout en étant capable de générer de la valeur.<br>\r\nJe crois avoir les bons associés, capables d\'exécuter notre vision commune de façon synchrone sans pour autant rejeter nos aspirations individuelles.<br>\r\nJe crois intégrer le bon état d\'esprit : une entière confiance en moi-même. Je peux apprendre tout ce que je désire. Je n\'ai aucune crainte quant à ma capacité à exécuter par ma seule volonté sans le besoin d\'une motivation extérieure. Je suis convaincu que se jeter à corps perdu permettra le succès de cette aventure. Il y a la peur de démarrer, et il y a la peur de terminer. J\'aurais souhaité n\'en avoir aucune. Cependant, je peux surpasser ces peurs.</p>\r\n\r\n<p>Quel est le pire scénario qui puisse m\'arriver dans tous les cas ? Devoir trouver un travail plus traditionnel ? Être à court d\'argent ? Réaménager temporairement chez mes parents ? Ce n\'est pas si mal.<br>\r\nJ\'ai la conviction que je suis capable de trouver un poste dès je le souhaite. L\'entrepreunariat m\'enseigne des compétences substantielles. Je résouds des problèmes. Je deviens un artisan proactif et capable d\'autonomie. Je sais ajouter de la valeur jusqu\'aux plus petits détails. Quel genre d\'entreprise n\'a pas besoin de salariés de ce genre ? Sûrement pas une qui en vaille la peine.</p>\r\n\r\n<p>Si tu envisages de te lancer dans une aventure similaire, je te donnerais la même suggestion que Bukowski a un jour donné à tous les aspirants écrivains.<br>\r\nNe le fais pas pour la gloire. Ne le fais pas pour séduire. Ou pour devenir riche. Ne pense même pas que ça te libèrera : entreprendre, c\'est échanger une forme d\'esclavage pour une autre. Ne le choisis pas.<br>\r\nFais-le parce-que ça émane du plus profond de ton âme, et que tu n\'as d\'autre choix que de t\'y abandonner.</p>\r\n', 'fr'),
(3, 2, 'A month of remote work in Budapest : thoughts and conclusion', 'a-month-of-remote-work-in-budapest-thoughts-and-conclusion', '<p>It is almost dawn. I am leaving Buda in a few hours from Kelenföldi bus station. The fresh morning air inspires me this short introspection regarding the month I just spent in the Queen of the Danube.</p>\r\n\r\n<p>After finishing college in March 2018, I spent one month in Paris to grow Justinien, the startup I co-founded with two partners two months earlier. I quickly realized living in Paris was not justified, and I would be better off working remotely.</p>\r\n\r\n<p>Since Justinien is yet to be monetizable, I am not making any revenue. I have to live off my savings. The cost of living in Paris is incredibly prohibitive, yet reducing my personal burn rate - my personal cash spent per month - would directly translate into an ability to work for an extended period of time, hassle-free and dedicated to the entrepreneurial career.<br>\r\nOn the other hand, I am lucky to have two smart and open-minded partners by my side. Our work methodology naturally came to be remote based. When we first met, Quentin and Louma lived in Paris, whereas I was working in Geneva. We had to figure out a way to make our minimum viable product without being physically present. We built our side hustle remotely for four months, before deciding to get serious and officially establish the company. We worked the same way for another two months before I joined them in Paris. Our ability to work remotely being demonstrated, I had no trouble convincing them I needed to go abroad : “<span class=\"font-italic\">Roots are important in a man’s life, but humans have legs, not roots, and legs are made to go somewhere else</span>”<sup>1</sup>.</p>\r\n\r\n<p>And that is how I flew to Budapest on April the 16th, with some goals in mind.</p>\r\n\r\n<figure class=\"text-center\">\r\n<img src=\"/uploads/article/screenshot_budapest_goals.jpg\">\r\n<figcaption>Announcing some goals</figcaption>\r\n</figure>\r\n\r\n<h2>Discover a new culture</h2>\r\n\r\n<p>Let’s face it : <strong>a perfect work/life balance is neither possible nor desirable when you are building a startup</strong>. You cannot unplug your brain and watch TV. Your mind is so focused on your venture that taking time off makes you feel guilty and bitter about yourself. Since laser-like focus and dedication are key for a startup success, there is just no way around both hard and smart work. And when you love your work as much as I do, you don’t really consider going to the Szechenyi thermal baths to relax. Consequently I did not make enough time to really embrace the hungarian culture, and I barely visited the city. It is a shame, and I wish to improve on this point.</p>\r\n<p>For my next stop in Europe, I am <strong>considering some solutions to get a better grasp of the local culture</strong> while still feeling “productive” :</p>\r\n<ul class=\"list-unstyled\">\r\n<li><h5>Learn the language</h5> <p>I downloaded Duolinguo to serve as basis for learning and plan on practicing consistently in real life situations.</p></li>\r\n<li><h5>Go to meetups, exchange and share</h5> <p>Meetup and similar social apps are an incredible opportunity to exchange with locals, even though, english-friendly events seem kinda scarce in Eastern Europe. I need to dig a little deeper on this.</p></li>\r\n<li><h5>Learn photography</h5> <p>Photography is a good excuse to go out and an incredible communication tool. I just happen to have a nice camera gathering dust.</p></li>\r\n</ul>\r\n<p>Buying a coworking space subscription is out of question since it goes against my third and fourth goals (“reduce my burn rate”, “improve personal productivity” ). Furthermore, open spaces are obviously not deep work enablers, and coworking is still expensive from a local’s point of view (at the very least 140$ per month in Budapest).</p>\r\n\r\n<h2>Launch the monetized version of Justinien</h2>\r\n\r\n<p>Thanks to the advice of our mentors, my partners and I came to the conclusion that we are spanning over too many businesses at once. It is not efficient and we need to gather our efforts on one target business first. Consequently <strong>we are creating a new roadmap postponing the release of the monetized version by one month</strong>. The creation process is no straight path.</p>\r\n\r\n<h2>Reduce my burn rate</h2>\r\n\r\n<p>I managed to live in Budapest on about 900$ for the whole month. I rented an Airbnb studio for 400$, kept my food costs around 290$ and spent the rest on transportation (83$ for a plane ticket and unlimited public transportation in the city) and leisure activities (~130$ : eat-out, bars, visits). This way <strong>I reduced my burn rate by almost 50%</strong> compared to my costs in Paris, <strong>while improving significantly my quality of life</strong> (diet, weather, work conditions etc.) - the difference being mainly due to the absurd housing costs of Paris.</p>\r\n\r\n<h2>Improve personal productivity</h2>\r\n\r\n<p>My productivity improved as well. Here is some data I collected over a week during my stay in Paris :</p>\r\n\r\n<figure class=\"text-center\">\r\n<img src=\"/uploads/article/screenshot_productivity_paris.png\">\r\n<figcaption>Rescuetime productivity data, week 14</figcaption>\r\n</figure>\r\n\r\n<p>In Budapest :</p>\r\n\r\n<figure class=\"text-center\">\r\n<img src=\"/uploads/article/screenshot_productivity_budapest1.png\">\r\n<img src=\"/uploads/article/screenshot_productivity_budapest2.png\">\r\n<figcaption>Rescuetime productivity data, weeks 16 and 17</figcaption>\r\n</figure>\r\n\r\n<p>In general, I feel less anxious and more focused. <strong>The most important consequence of this state-of-mind is an ability to execute faster with the same amount of time spent on work</strong> : on week 14 (April 1 - April 7) my Trello cards count is of 5, against 9 for week 16 (April 15 - April 21) and 12 for week 17 (April 22 - April 28), each card representing roughly the same amount of work.</p>\r\n\r\n<figure class=\"text-center\">\r\n<img src=\"/uploads/article/screenshot_W14.png\">\r\n<img src=\"/uploads/article/screenshot_W16.png\">\r\n<img src=\"/uploads/article/screenshot_W17.png\">\r\n<figcaption>Tasks done per week - Trello</figcaption>\r\n</figure>\r\n\r\n<p>Moreover, I was able to launch a personal blog (the one you are actually reading) and an  entrepreneurship community, as well as writing my first two articles. I am quite happy about the improvements I made, but I still have some room for improvement.</p>\r\n\r\n<p>A logical step further would be <strong>to cut the amount of time spent on social networks and Youtube</strong> and redirect them towards getting to know the local culture or learning new things in general.<br>\r\nOn the other hand, I would like <strong>to extend my week of 40 hours of productive work to 63 hours</strong> (9 hours every day of the week). The usual advice you receive when starting a company is to work like a mad man : from 70 to 100-hour workweek. However I do not believe that putting my health at risk will be beneficial to me on the long run, and since building a company is about the long run, I do not plan on doing that.<br>\r\nWhat I plan however is <strong>to sharpen my skills to focus</strong> and to dive into <span class=\"font-italic\">Deep Work</span><sup>2</sup> by introducing micro-routines gradually. After years of conscious self-development I tend to conclude that <strong>habits and accountability are the main drivers for personal growth</strong> (more on that later). Motivation is overrated and should not be counted on : what matter most are  drive and vision.</p>\r\n\r\n<h2>Grow a fully remote startup development team</h2>\r\n\r\n<p>Even though hiring developers is out of question at the moment, constantly thinking of ways to improve our work processes and tools is valuable from both a company and an individual perspective. At Justinien, <strong>we use a combination of GSuite, Slack, Trello, Github and Skype to get the work done</strong>.<br>\r\n\r\n<p>Gmail is used for external communication whereas Slack and Skype are prefered for internal exchanges. We avoid Skype meetings as much as possible (two one-hour meetings throughout my whole stay in Budapest) by prioritising daily text-based discussions.</p>\r\n\r\n<p>We use Trello to keep track of our tasks and Github to do some version control. I practice some form of agile methodology to organize my development boards : a list for the backlog gathering all the product needs, a list for what is currently being done and one for what has been done (mainly for motivational purposes). In addition, I put in place an Idea list to keep thinking about how to make the product better.</p>\r\n\r\n<figure class=\"text-center\">\r\n<img src=\"/uploads/article/screenshot_trello.png\">\r\n<figcaption>Trello board</figcaption>\r\n</figure>\r\n\r\n<p>To stay accountable, I use Trello to offer a detailed internal accountability and social networks for public accountability. I discovered the concept of public accountability reading levelsio’s blog : I must say <strong>I am convinced public accountability is a great way to stay focused on making progresses and delivering, as well as sharing with others what you deeply care about.</strong></p>\r\n\r\n<figure class=\"text-center\">\r\n<img src=\"/uploads/article/screenshot_twitter.png\">\r\n<figcaption>Public accountability on Twitter</figcaption>\r\n</figure>\r\n\r\n<p>We are currently implementing a goal-based roadmap definition routine. It consists in setting up weekly goals following the SMART methodology to orientate our tasks and deliver frequently.</p>\r\n\r\n<p>To summarize, our remote work methodology is extremely minimalistic, yet efficient and flexible.</p>\r\n\r\n<h2>Conclusion</h2>\r\n\r\n<p>I am satisfied with how working remotely impacted my goals over the last month. Digital nomadism is an incredible experience that allowed me to get to know myself on a more profound level : <strong>traveling alone builds character</strong>.</p>\r\n\r\n<p>Now, modern nomadism is not as sexy as it sounds : <strong>it feels incredibly lonely</strong>, and I truly got to experience it first-hand. When you live in a place for a short period of time, one month for example, building long-term bonds is hard and friendships feel fake somehow. Being an entrepreneur doesn’t help with that, the border between work and life is unclear. I would like to write more about travel loneliness and travel ethics in the future to treat these important contemporary problematics inherent to nomadism and mass tourism.</p>\r\n\r\n<p>Something Picasso’s character said in the serie Genius (season 2 episode 3) truly echoed in me : “<span class=\"font-italic\">It takes more to be an artist. The only way to be a true artist is to work day and night, to devote yourself body and soul. Do you have any idea the level of loneliness it implies ? Without great solitude, no serious work is possible</span>”.</p>\r\n\r\n<p>Artists really are master craftsmen.</p>\r\n\r\n<p>I am now on to my next stop, to meet my \"girl of the north country fare\" and toward entrepreneurship mastery.</p>\r\n\r\n<figure class=\"text-center\">\r\n<img src=\"/uploads/article/budapest_dawn.jpg\">\r\n<figcaption>Hungarian dawn</figcaption>\r\n</figure>\r\n\r\n<ul class=\"list-unstyled\">\r\nNotes :\r\n<li>1 : Pino Cacucci</li>\r\n<li>2 : Deep Work, Cal Newport</li>\r\n</ul>\r\n', 'en'),
(4, 3, 'Notes on integrating a Watson Assistant bot in Messenger using Botkit', 'notes-on-integrating-a-watson-assistant-bot-in-messenger-using-botkit', '<!-----------------------------------  -->\r\n<h2>Introduction</h2>\r\n<p>At Justinien, we build <abbr title=\"Natural Language Processing\">NLP</abbr> chatbots designed to solve legal issues, also known as legalbots.</p>\r\n<p>The first one is distributed on our own home-made messaging channel. The latest, <a href=\"https://www.cashmyflight-bot.com\" target=\"_blank\">Cashmyflight</a>, is based on Facebook\'s Messenger platform.</p>\r\n<h3>Why <a href=\"https://www.ibm.com/watson/ai-assistant/\" target=\"_blank\">Watson Assistant ?</a></h3>\r\n<ul>\r\n<li>+ : Powerful NLP technology</li>\r\n<li>+ : The intuitive Bluemix interface</li>\r\n<li>+ : The easy integration with all the other technologies from IBM : Cloud Foundry, Visual Recognition, Text-to-Speech, Tone Analyzer etc.</li>\r\n<li>+ : For startups : the <a href=\"https://www-356.ibm.com/partnerworld/wps/servlet/ContentHandler/isv_com_smp_smartcamp_info\" target=\"_blank\">IBM Global Entrepreneur Program</a>, giving you access to multiple financial advantages</li>\r\n<li>+ : Easy messaging channel integration with <a href=\"https://botkit.ai\" target=\"_blank\">Botkit</a> Slack, Messenger and Twilio (complete list <a href=\"https://github.com/howdyai/botkit/blob/master/docs/readme-middlewares.md\" target=\"_blank\">here</a>)</li>\r\n<li>- : Not free (but still worth the time it gives you)</li>\r\n<li>- : Proprietary technology</li>\r\n</ul>\r\n\r\n<h3>Why <a href=\"https://www.messenger.com/\" target=\"_blank\">Facebook Messenger</a> ?</h3>\r\n<ul>\r\n<li>+ : More than a billion users for <abbr title=\"Business to Consumer\">B2C</abbr> bots</li>\r\n<li>+ : The user interface : developing one yourself is hard ! (trust me, I did)</li>\r\n<li>+ : The ability to advertise your bot to Facebook\'s users</li>\r\n<li>- : The review duration (slow time-to-market)</li>\r\n</ul>\r\n\r\n<p>Even though the documentation from Messenger and Watson Assistant is clear and well written, I found a lack of clarity concerning the use of the stack Messenger - Watson Assistant - Botkit. Thus, the objective of theses notes is to describe in one document how we managed to integrate our bot in Messenger using the aforementioned technology stack.</p>\r\n\r\n<!-----------------------------------  -->\r\n<h2>Set up</h2>\r\n\r\n<h3>Watson Assistant</h3>\r\n<p>First, you need to gather some parameters from Watson Assistant. In this article we consider that you have at least one workspace set up and ready to use.</p>\r\n<p>The parameters are available in your Bluemix interface. We need :</p>\r\n<ul>\r\n    <li>Credentials : conversation username and conversation password</li>\r\n    <li>A conversation url : https://gateway.watsonplatform.net/conversation/api</li>\r\n    <li>The workspace id</li>\r\n</ul>\r\n\r\n<h3>Messenger</h3>\r\n\r\n    <h4>Dummy developer account</h4>\r\n    <p>This step is optional but I found it useful working on my bot.</p>\r\n    <p>If you hate receiving notifications while you are laser-focused in your work as much as I do, setting up a \"fake\" Facebook account for the sole purpose of being in a distraction-free environment is the simplest way to go. Otherwise, you can use your regular Facebook account for all the steps below.</p>\r\n\r\n    <h4>Facebook development page</h4>\r\n    <p>Next up, we need to create a Facebook page allowing us to test our bot : <a href=\"https://www.facebook.com/help/104002523024878/\" target=\"_blank\">tutorial by Facebook</a></p>\r\n\r\n    <h4>Facebook production page</h4>\r\n    <p>Later we will create the page used for the production environment, so don\'t spend a lot of time on branding your Facebook development page.</p>\r\n\r\n    <h4>Facebook app</h4>\r\n    <p>Once your Facebook page is ready, you can log in <a href=\"https://developers.facebook.com\" target=\"_blank\">Facebook Developers</a> and create a Messenger application.</p>\r\n    <p>All you need to obtain for now is : </p>\r\n    <ul>\r\n        <li>The secret key of your app : available in Settings -> General</li>\r\n        <li>An access token : accessible from Settings -> Advanced</li>\r\n    </ul>\r\n\r\n<h3>Botkit</h3>\r\n<p>Following the <a href=\"https://github.com/watson-developer-cloud/botkit-middleware\" target=\"_blank\">Watson Assistant documentation</a>, the official solution to deploy your bot on many channels is to use Botkit as a middleware.</p>\r\n<p>All you need to do is to download all the files from this repository : <a href=\"https://github.com/watson-developer-cloud/botkit-middleware/tree/master/examples/multi-bot\" target=\"_blank\">respository link</a>.</p>\r\n<p>Then, change the environment variables : </p>\r\n\r\n<p>.env</p>\r\n<pre><code>\r\n#WATSON\r\nCONVERSATION_URL=&lt;watson assistant url&gt;\r\nCONVERSATION_USERNAME=&lt;watson assistant username&gt;\r\nCONVERSATION_PASSWORD=&lt;watson assistant password&gt;\r\nWORKSPACE_ID=&lt;workspace id&gt;\r\n\r\n#FACEBOOK\r\nFB_ACCESS_TOKEN=&lt;the development page access token&gt;\r\nFB_APP_SECRET=&lt;the development page secret key&gt;\r\n\r\n#WHAT-TO-USE\r\nUSE_FACEBOOK=true\r\n</code></pre>\r\n\r\n<p>Now, it is time to implement the message processing logic.</p>\r\n\r\n<!-----------------------------------  -->\r\n<h2>Basic message formatting</h2>\r\n\r\n<h3>Text</h3>\r\n<p>Let\'s start with text messages.</p>\r\n<p>We can remove this part : </p>\r\n\r\n<p>bot-facebook.js</p>\r\n<pre><code>\r\ncontroller.hears(\'(.*)\', \'message_received\', function(bot, message) {\r\n  if (message.watsonError) {\r\n    console.log(message.watsonError);\r\n    bot.reply(message, message.watsonError.description || message.watsonError.error);\r\n  } else if (message.watsonData && \'output\' in message.watsonData) {\r\n    bot.reply(message, message.watsonData.output.text.join(\'\\n\'));\r\n  } else {\r\n    console.log(\'Error: received message in unknown format. (Is your connection with Watson Conversation up and running?)\');\r\n    bot.reply(message, \"I\'m sorry, but for technical reasons I can\'t respond to your message\");\r\n  }\r\n});\r\n</code></pre>\r\n\r\n<p>And replace it with this one : </p>\r\n\r\n<p>bot-facebook.js</p>\r\n<pre><code>\r\n// when any text message is received by the controller, it will be processed by the processWatsonResponse function\r\ncontroller.hears(\'(.*)\', \'message_received\', processWatsonResponse);\r\n</code></pre>\r\n\r\n<p>Next : </p>\r\n\r\n<p>bot-facebook.js</p>\r\n<pre><code>\r\nfunction processWatsonResponse(bot, message){\r\n    if (message.watsonError) {\r\n        console.log(message.watsonError);\r\n        bot.reply(message, \"I\'m sorry, but for technical reasons I can\'t respond to your message\");\r\n    } else {\r\n        var output_size = message.watsonData.output.text.length;\r\n        recursiveMessageReply(0, output_size, message);\r\n    }\r\n}\r\n</code></pre>\r\n\r\n<p>I found that when dealing with complex message structures, it is best to process the output recursively, because sometimes you might need to alternate between text messages and buttons or other UI elements. Also, it looks cleaner on Messenger when you separate all the messages instead of merging them all into one.</p>\r\n\r\n<p>bot-facebook.js</p>\r\n<pre><code>\r\nfunction recursiveMessageReply(index, max_index, message){\r\n    if(index &lt; max_index){\r\n        var current_text = message.watsonData.output.text[index];\r\n\r\n        // do not process empty messages\r\n        if(current_text.length &gt; 0){\r\n            var current_reply = {text: current_text};\r\n\r\n            bot.reply(message, current_reply, function(err, response){\r\n                recursiveMessageReply(++index, max_index, message);\r\n            });\r\n        } else {\r\n            recursiveMessageReply(++index, max_index, message);\r\n        }\r\n    }\r\n}\r\n</code></pre>\r\n\r\n<p>It\'s done. We can now send and receive simple text messages.</p>\r\n\r\n<h3>Quick replies</h3>\r\n<p>Quick replies are a great way to guide the user throughout the conversation.</p>\r\n<p>bot-facebook.js</p>\r\n<pre><code>\r\nfunction processWatsonResponse(bot, message){\r\n    if (message.watsonError) {\r\n        console.log(message.watsonError);\r\n        bot.reply(message, \"I\'m sorry, but for technical reasons I can\'t respond to your message\");\r\n    } else {\r\n        var reply_object = {};\r\n\r\n        // output.preselection is a custom json format that must be configured in your Watson Assistant nodes to indicate when and what quick replies should be displayed\r\n        if(message.watsonData.output.preselection){\r\n          var quick_replies_size = message.watsonData.output.preselection.length;\r\n          var quick_replies = [];\r\n\r\n          for(i=0 ; i&lt;quick_replies_size ; i++){\r\n              // integrating a quick reply object according to Facebook\'s documentation\r\n              quick_replies.push({\r\n                  content_type: \"text\",\r\n                  title: message.watsonData.output.preselection[i],\r\n                  payload: message.watsonData.output.preselection[i]\r\n              });\r\n          }\r\n\r\n          reply_object.quick_replies = quick_replies;\r\n        }\r\n\r\n        var output_size = message.watsonData.output.text.length;\r\n        recursiveMessageReply(0, output_size, message, reply_object);\r\n    }\r\n}\r\n</code></pre>\r\n<p>Link : <a href=\"https://developers.facebook.com/docs/messenger-platform/send-messages/quick-replies\" target=\"_blank\">Facebook quick replies documentation</a></p>\r\n\r\n<p>bot-facebook.js</p>\r\n<pre><code>\r\nfunction recursiveMessageReply(index, max_index, message, reply_object){\r\n    if(index &lt; max_index){\r\n        var current_text = message.watsonData.output.text[index];\r\n        if(current_text.length &gt; 0){\r\n            var current_reply = {text: current_text};\r\n\r\n            //display the quick replies when the last text message appears\r\n            if(index == max_index-1){\r\n                current_reply.quick_replies = reply_object.quick_replies;\r\n            }\r\n\r\n            bot.reply(message, current_reply, function(err, response){\r\n                recursiveMessageReply(++index, max_index, message, reply_object);\r\n            });\r\n        } else {\r\n            recursiveMessageReply(++index, max_index, message, reply_object);\r\n        }\r\n    }\r\n}\r\n</code></pre>\r\n\r\n<h3>URL button</h3>\r\n<p>It is not possible to use html links (&lt;a&gt;&lt;/a&gt;) in a Messenger message. Instead, you are expected to display an URL button.</p>\r\n<p>bot-facebook.js</p>\r\n<pre><code>\r\nfunction processWatsonResponse(bot, message){\r\n    if (message.watsonError) {\r\n        bot.reply(message, \"I\'m sorry, but for technical reasons I can\'t respond to your message\");\r\n    } else {\r\n        var reply_object = {};\r\n\r\n        if(message.watsonData.output.preselection){\r\n          var quick_replies_size = message.watsonData.output.preselection.length;\r\n          var quick_replies = [];\r\n\r\n          for(i=0 ; i&lt;quick_replies_size ; i++){\r\n              quick_replies.push({\r\n                  content_type: \"text\",\r\n                  title: message.watsonData.output.preselection[i],\r\n                  payload: message.watsonData.output.preselection[i]\r\n              });\r\n          }\r\n\r\n          reply_object.quick_replies = quick_replies;\r\n        }\r\n\r\n        var output_size = message.watsonData.output.text.length;\r\n\r\n        // output.button is a custom json flag that must be configured in your Watson Assistant nodes to indicate when and what url button should be displayed\r\n        if(message.watsonData.output.button){\r\n            recursiveMessageWithButtonReply(0, output_size, message, reply_object, 1);\r\n        } else {\r\n            recursiveMessageReply(0, output_size, message, reply_object);\r\n        }\r\n\r\n    }\r\n}\r\n</code></pre>\r\n\r\n<p>bot-facebook.js</p>\r\n<pre><code>\r\nfunction recursiveMessageWithButtonReply(index, max_index, message, reply_object, attachment_counter){\r\n\r\n    if(index &lt; max_index){\r\n        var current_text = message.watsonData.output.text[index];\r\n\r\n        if(current_text.length &gt; 0){\r\n            var current_reply = {text: current_text};\r\n            if(index == max_index-1){\r\n\r\n                // the URL button Facebook formatting\r\n                // note : observe that the current text message must be displayed in the payload, not as a regular text message\r\n                var attachment = {\r\n                    type: \"template\",\r\n                    payload:{\r\n                        template_type: \"button\",\r\n                        text: current_text,\r\n                        buttons:[{\r\n                            type: \"web_url\",\r\n                            url: message.watsonData.output.button.url,\r\n                            title: message.watsonData.output.button.title,\r\n                            webview_height_ratio : \"tall\"\r\n                        }]\r\n                    }\r\n                };\r\n                bot.reply(message, {attachment:attachment, quick_replies : reply_object.quick_replies}, function(err, response){\r\n                    console.log(\"error:\" + JSON.stringify(err) + \" response:\" + JSON.stringify(response));\r\n                    recursiveMessageWithButtonReply(++index, max_index, message, reply_object, ++attachment_counter);\r\n                });\r\n            } else {\r\n                bot.reply(message, current_reply, function(err, response){\r\n                    recursiveMessageWithButtonReply(++index, max_index, message, reply_object, ++attachment_counter);\r\n                });\r\n            }\r\n        } else {\r\n            recursiveMessageWithButtonReply(++index, max_index, message, reply_object, attachment_counter);\r\n        }\r\n    }\r\n}\r\n</code></pre>\r\n<p>Link : <a href=\"https://developers.facebook.com/docs/messenger-platform/reference/buttons/url\" target=\"_blank\">Facebook documentation on URL buttons</a></p>\r\n\r\n<h3>Attachment</h3>\r\n\r\n<p>Attachments allow you to process the user\'s document in your backend.</p>\r\n<p>First, a new controller is needed : </p>\r\n<p>bot-facebook.js</p>\r\n<pre><code>\r\ncontroller.on(\'message_received\', processMessengerAttachment);\r\n</code></pre>\r\n\r\n<p>You also need to access Botkit\'s middleware logic to send asynchronous message to Watson Assistant once the attachment is dealt with :</p>\r\n<p>bot-facebook.js</p>\r\n<pre><code>\r\nvar middleware = require(\'botkit-middleware-watson\')({\r\n  username: process.env.CONVERSATION_USERNAME,\r\n  password: process.env.CONVERSATION_PASSWORD,\r\n  workspace_id: process.env.WORKSPACE_ID,\r\n  url: process.env.CONVERSATION_URL || \'https://gateway.watsonplatform.net/conversation/api\',\r\n  version_date: \'2017-05-26\'\r\n});\r\n</code></pre>\r\n\r\n<pre><code>\r\nvar current_asked_document_type;\r\n\r\nfunction processWatsonResponse(bot, message){\r\n    if (message.watsonError) {\r\n        bot.reply(message, \"I\'m sorry, but for technical reasons I can\'t respond to your message\");\r\n    } else {\r\n        var reply_object = {};\r\n\r\n        if(message.watsonData.output.preselection){\r\n          var quick_replies_size = message.watsonData.output.preselection.length;\r\n          var quick_replies = [];\r\n\r\n          for(i=0 ; i&lt;quick_replies_size ; i++){\r\n              quick_replies.push({\r\n                  content_type: \"text\",\r\n                  title: message.watsonData.output.preselection[i],\r\n                  payload: message.watsonData.output.preselection[i]\r\n              });\r\n          }\r\n\r\n          reply_object.quick_replies = quick_replies;\r\n\r\n        }\r\n\r\n        // output.document_type is a custom json flag that must be configured in your Watson Assistant nodes to indicate when and what kind of document should be processed\r\n        if(message.watsonData.output.document_type){\r\n          current_asked_document_type = message.watsonData.output.document_type;\r\n        }\r\n\r\n        var output_size = message.watsonData.output.text.length;\r\n        if(message.watsonData.output.button){\r\n            recursiveMessageWithButtonReply(0, output_size, message, reply_object, 1);\r\n        } else {\r\n            recursiveMessageReply(0, output_size, message, reply_object);\r\n        }\r\n\r\n    }\r\n}\r\n</code></pre>\r\n\r\n<p>bot-facebook.js</p>\r\n<pre><code>\r\nfunction processMessengerAttachment(bot, message){\r\n    if(message.attachments && current_asked_document_type){\r\n        var attachment = message.attachments[0].payload.url;\r\n        console.log(\"Received : \" + JSON.stringify(message));\r\n\r\n        // your own backend logic should be inserted here\r\n        backend.uploadDocument(attachment, last_conversation_id, current_asked_document_type).then(function(response){\r\n            if (!response.ok) {\r\n                 console.log(\'Document upload - Error \' + response.status + \' \' + response.statusText + \' - url : \' + url + \' in \' + conversation_id);\r\n            } else {\r\n                // once the document is processed :\r\n\r\n                current_asked_document_type = false;\r\n                var newMessage = clone(message);\r\n                newMessage.text = \"I\'m done !\";\r\n\r\n                // sending an asynchronous message to Watson Assistant to indicate a successful upload and continue the conversation\r\n                middleware.sendToWatsonAsync(bot, newMessage).then(function(response){\r\n                    processWatsonResponse(bot, newMessage);\r\n                }, function(err){\r\n                    console.log(\'Document upload - Error \' + err.status + \' \' + err.statusText);\r\n                });\r\n            }\r\n        }, function(err){\r\n            console.log(\'Error document upload\');\r\n        });\r\n    } else {\r\n        bot.reply(message, \"Sorry I cannot read this file)\");\r\n    }\r\n}\r\n</code></pre>\r\n<p>Link : <a href=\"https://developers.facebook.com/docs/messenger-platform/reference/send-api#attachment\" target=\"_blank\">Facebook documentation on attachments</a></p>\r\n\r\n<h3>Get started button</h3>\r\n<p>A Get Started button is necessary to validate an bot app review. It\'s a simple CURL command :</p>\r\n<p>get_started_button.sh</p>\r\n<pre><code>\r\n#!/bin/sh\r\ncurl -X POST -H \"Content-Type: application/json\" -d \'{\r\n    \"get_started\" : {\"payload\": \"GET_STARTED\"}\r\n}\'\r\n\"https://graph.facebook.com/v2.6/me/messenger_profile?access_token=&lt;your_facebook_access_token&gt;\";\r\n</code></pre>\r\n\r\n<h3>Persistent menu</h3>\r\n<p>A persistent menu is useful to help your user get a quick access to additional informations or conversation entry points. It\'s also a simple curl command : </p>\r\n<p>persistent_menu.sh</p>\r\n<pre><code>\r\n#!/bin/sh\r\ncurl -X POST -H \"Content-Type: application/json\" -d \'{\r\n    \"persistent_menu\":[{\r\n        \"locale\":\"default\",\r\n        \"composer_input_disabled\": false,\r\n        \"call_to_actions\":\r\n            [{\r\n                \"title\":\"Conversation\",\r\n                \"type\":\"nested\",\r\n                \"call_to_actions\":[{\r\n                    \"title\":\"Restart the conversation\",\r\n                    \"type\":\"postback\",\r\n                    \"payload\":\"Restart the conversation\"\r\n                }]\r\n            },{\r\n                \"title\":\"Contact\",\r\n                \"type\":\"nested\",\r\n                \"call_to_actions\":[{\r\n                    \"type\":\"web_url\",\r\n                    \"title\":\"Our company\",\r\n                    \"url\":\"http://justinien.co\",\r\n                    \"webview_height_ratio\":\"full\"\r\n                },{\r\n                    \"title\":\"Contact us\",\r\n                    \"type\":\"postback\",\r\n                    \"payload\":\"Contact us\"\r\n                }]\r\n            }]\r\n    }]\r\n}\' \"https://graph.facebook.com/v2.6/me/messenger_profile?access_token=&lt;your_facebook_access_token&gt;\"\r\n</code></pre>\r\n\r\n<h3>Bot description</h3>\r\n<p>A greeting message is also necessary to validate an bot app review. A simple CURL command as well :</p>\r\n<p>greeting.sh</p>\r\n<pre><code>\r\n#!/bin/sh\r\ncurl -X POST -H \"Content-Type: application/json\" -d \'{\r\n  \"greeting\": [\r\n    {\r\n      \"locale\":\"default\",\r\n      \"text\":\"The first legalbot that gets you money from your plane issues (delay, cancellation, etc.) in a few minutes !\"\r\n    }\r\n  ]\r\n}\' \"https://graph.facebook.com/v2.6/me/messenger_profile?access_token=&lt;your_facebook_access_token&gt;\"\r\n</code></pre>\r\n\r\n<!-----------------------------------  -->\r\n<h2>Testing</h2>\r\n\r\n<h3>Development environment</h3>\r\n\r\n    <h4>Setting up a localtunnel</h4>\r\n    <p>During the development phase, you can use temporarily your own machine as a web server using localtunnel :</p>\r\n    <p>Console terminal</p>\r\n    <pre><code>\r\n    #install\r\n    npm install -g localtunnel\r\n\r\n    #create a localtunnel\r\n    lt -p 8001 -s &lt;a custom subdomain&gt;\r\n\r\n    #launch your web server\r\n    node server.js\r\n    </code></pre>\r\n\r\n    <h4>Setting up a webhook</h4>\r\n    <p>Go to developers.facebook.com and configure a webhook by navigating to Messenger -> Parameters -> Webhooks </p>\r\n    <p>You will need to enter a callback link (https://&lt;your custom subdomain&gt;.localtunnel.me/facebook/receive) and a verification token (it can be anything you want).</p>\r\n    <p>Update your .env file with the verification token and relaunch your local server.</p>\r\n    <p>.env</p>\r\n    <pre><code>\r\n        FB_VERIFY_TOKEN=&lt;your webhook token&gt;\r\n    </code></pre>\r\n\r\n    <h4>Testing</h4>\r\n    <p>Once you are done with the configuration, you can communicate with your bot directly from your Facebook page.</p>\r\n\r\n    <h4>Debugging</h4>\r\n    <p>When the need for debugging arises, the most straightforward way to do it is to have a look at your server logs in the console terminal (below your node server.js instruction). You can set up logs by simply using the console.log() function in your js files. Don\'t forget to restart your local server whenever you make a change to your javascript files.</p>\r\n\r\n<h3>Production environment</h3>\r\n\r\n    <h4>Facebook production page</h4>\r\n    <p>Similarly to the development page, we must create a production page that will be used by the end-users. All you have to do is repeat the same process than the one we used previously (facebook page, facebook app, webhook), and update the .env file.</p>\r\n    <p>.env</p>\r\n    <pre><code>\r\n        #PRODUCTION ENV\r\n        #FB_ACCESS_TOKEN=&lt;the production page access token&gt;\r\n        #FB_APP_SECRET=&lt;the production page secret key&gt;\r\n\r\n        #DEV ENV\r\n        FB_ACCESS_TOKEN=&lt;the development page access token&gt;\r\n        FB_APP_SECRET=&lt;the development page secret key&gt;\r\n\r\n        FB_VERIFY_TOKEN=&lt;your webhook token&gt;\r\n    </code></code></pre>\r\n\r\n    <h4>App hosting</h4>\r\n    <p>Instead of using a localtunnel, we are going to host the app on a real web server. At Justinien we use IBM\'s Cloud Foundry but the choice is up to you.</p>\r\n\r\n<!-----------------------------------  -->\r\n<h2>App review</h2>\r\n<p>Once your bot is ready, it has to be submitted to the Facebook App review before going public. The process can take a long time (one month and a week in our case), so make sure to have a clean bot that respects all of <a href=\"https://developers.facebook.com/docs/apps/review/\" target=\"_blank\">Facebook terms and conditions</a>.</p>\r\n\r\n<!-----------------------------------  -->\r\n<h2>Conclusion</h2>\r\n<p>Congratulations, you now have own a smart bot available to the public ! Feel free to reach out to <a href=\"http://basilesamel.com\" target=\"_blank\">me</a> if you have any questions or need further details.</p>\r\n', 'en');
INSERT INTO `ArticleTranslation` (`id`, `article_id`, `title`, `slug`, `content`, `language`) VALUES
(5, 4, 'Chaos routine', 'chaos-routine', '<p>The concept of routine appears to be vastly misunderstood, perceived as something greatly negative in the collective imaginary. This notion is assimilated to the ordinary, the boring moments of life : people don’t want to appear ordinary (yet, they want others to be more like them) so they resort to cheap getaways, to run away from their routine : shallow travels, drugs, easy sex, empty entertainment etc. Still, fleeing remains but a temporary fix to the core problem issued by a bad routine.<br>\r\nThe word “routine” originates from french<sup>[1]</sup>, meaning literally “the small road”, the one you take “out of habit”. It is a neutral word : a routine can be bad, or good. More broadly speaking, routine can be defined as a sum of good or bad habits. Our everyday life can be seen as a succession of habits. Routine is a necessary part of life.<br>\r\nRunning away from routine, is no different than running away from life, from reality. Instead, routine needs to be shaped so that our habits become powerful tools, to guide our successes. A daily routine defines, to some extent, its individual - its motives, its dreams, its passion : \"We are what we repeatedly do\"<sup>[2]</sup>. Most people believe that routine is dehumanizing. I propose that routine is liberating<sup>[3]</sup>.</p>\r\n\r\n<p>The first time I consciously defined a routine, I was about to be 19. At that time I just got  expelled from engineering school. I had to move from Lyon to another university and start again. In France, engineering schools and universities are distinct school systems. Engineering schools are highly selective, harder to get in. The workload is a lot heavier as well. I went straight to second year, in the department of Computer Sciences at Bordeaux University. Yet, I was pissed off. I was dreaming of becoming a software engineer since my thirteenth birthday. The title of engineer being only delivered by official french engineering schools, my dream was being denied. Dreams are not easily forgotten : I needed to get back in.<br>\r\nUp until the end of high school, I was a top student. When I reached college, I couldn’t keep up. I didn’t know how to optimize my work, and I thought that, with time, I would eventually get it. Yet, no matter my efforts, my professors ended up showing me the door. At 19, I was left out without receiving any guidance. I had no mentor to turn to, so I made my own mentor, with books, blogs and online articles.</p>\r\n\r\n<p>I started looking for answers on how to better perform at exams. I read a lot of so-called “personal development” books. I dislike the term. I prefer to see it as a personal discovery, an introspective quest. I learnt about Cornell notes<sup>[4]</sup>, SQ5R5<sup>[5]</sup>, mind mapping<sup>[6]</sup> and other study techniques. I went out less. I worked out and ate well to get some extra energy. Eventually, I developed studying habits.<br>\r\nAt the end of the first semester, I applied to the very same engineering school that expelled me a year earlier. The entrance selection was based on the academic ranking. I was among the best students of my promotion. I barely passed, but it didn’t mattered to me : I didn’t lose a single year. I felt like I broke all of their rules. Overcoming my fate, I was making my comeback. Success is the sweetest rebellion.<br>\r\nAfter this event, I stopped relying on external motivation (professors, fellow students, motivational videos, “inspiration”), for the benefits of routine. Waiting for motivation is a dangerous thing : it is inconsistent and difficult to channel, unlike routine, which is largely unconscious, triggered without conscious thoughts. Thus, routine assists a professional in performing at peak productivity on a regular basis, without the need for external factors to come in. Additionally, a good routine always serves a personal purpose.<br>\r\nIt is an enabler that helps you reach your own priorities in life. It gives you a structure to perform in the best mental conditions. It is the psychological lifeline that keeps you afloat throughout the toughest times and the storming feelings. Routine offers the stability needed to get things done. It saves your willpower so that you can spend it where it matters most.<br>\r\nA bad routine is like a trap : it is easy to get in, yet hard to escape from in a meaningful fashion. It also doesn\'t help you work toward your vision. If your habits are not aligned with your goals, and if you are serious about reaching them, it is only natural to change it. When your everyday life is aligned with your long-term goals, it feels both good and right. The desire to run away, fades away. In this sense, routine is liberating.</p>\r\n\r\n<p>More importantly, routine is inherent to the path toward mastery. Mastery is a key concept. In today’s economy, Cal Newport, in his book “Deep Work”<sup>[7]</sup> argues that two core skills are necessary to succeed : 1) being able to “quickly master hard things”, and 2), the capacity to “produce at an elite level, in terms of both quality and speed”. Mastery implies both. In order to become a master, you have to practice at peak productivity deliberately and consistently<sup>[8]</sup> : “practice makes perfect”. Simply put, routine is necessary to mastery. A good one helps you ship on a near-daily basis.\r\nWhat does a good routine contain ? There is no better routine than the one you find for yourself. I say ‘find’, because it is something you stumble upon, after many experiments, the ultimate journey for personal discovery. Routine is perfected over many years.<br>\r\nMost of the routines you can read about in the self-development sphere are pretty absurd. Whenever you read an article describing self-proclaimed successful routines, it is just a long list of scheduled bullet points. They make me yawn, because they are mechanical and generic. An healthy routine is inherently organic. It must go along with the goals it supports. It is a paradox, but routine is meant to change. I would add, routine is meant to include the entropy of everyday life. A healthy routine is a routine of controlled chaos, a chaos routine.</p>\r\n\r\n<p>After years of consciously adapting my habits, I came to the conclusion that the best routine is a routine of non-routine. I call it the chaos routine.<br>\r\nA traditional routine is a succession of scheduled habits, each habit having a starting time and an ending time, filling up the entire time available.<br>\r\nA chaos routine is composed of atomic habits (also called micro-routines or micro-habits<sup>[9]</sup>) that can fit in anytime of the day or the night. Those habits are measurable, so that it is easy to follow up on them. They are also defined by a lower-bound : getting started with a minimal  objective (e.g. writing 200 words per day) gives the cognitive momentum to eventually surpass it. The amount of time spent is meaningless, its quality is what matters. Sometimes I feel like working 14 hours straight, some days my work can be summed up in one hour. The proposition here is that sustained short periods of focused work beat long sessions of shallow work. It is widely approved that the unconscious mind plays a major part in the creative process. How many times did I have to go out of bed in the middle of the nights because I found a solution to a problem or a new idea ? Far too many. Thus, a chaos routine rests on the principle that busyness is detrimental to productivity. Instead, boredom should be cultivated. Being bored feels good. It’s the natural meditative state that allows your mind to wander and wonder.<br>\r\nAnother thing to consider is that life is chaos. It is like a house of cards : if you try to give too much structure to life, you might end up disappointed. Routine should give room to the spontaneous opportunities that present themselves, the unexpected aspect inherent to life. I would go further by stating it should include a habit of discomfort : “Pick up a book on a topic you know next to nothing about. Put yourself in rooms where you’re the least knowledgeable person. That uncomfortable feeling, that defensiveness that you feel when your most deeply held assumptions are challenged—what about subjecting yourself to it deliberately? Change your mind. Change your surroundings.”<sup>[10]</sup><br>\r\nWork, and mastery, are deeply intertwined with life : securing time to try out new things and new experiences favors creativity, innovation and self-reinvention. Innovation is another essential concept of mastery. A master not only copies, it creates with his own style, by merging skills and experiences alike<sup>[7]</sup>.<br>\r\nIn conclusion, a chaos routine is a routine taking into account the creation process by acknowledging the need for downtime and introspection in addition to a focused practice.</p>\r\n\r\n<p>A well thought out routine is part of an authentic life. One must strive to align its habits with its needs and desires. Imagine routine as the small road leading to a bigger life.</p>\r\n\r\n<p>References</p>\r\n<ol>\r\n<li>Etymology of routine : <a href=\"https://en.wiktionary.org/wiki/routine#French\" target=\"_blank\">https://en.wiktionary.org/wiki/routine#French</a></li>\r\n<li>From <span class=\"font-italic\">The Story of Philosophy</span>, Will Durant</li>\r\n<li>On routine is liberating : <a href=\"https://www.brainpickings.org/2012/12/27/chuck-close-on-creativity/\" target=\"_blank\">https://www.brainpickings.org/2012/12/27/chuck-close-on-creativity/</a></li>\r\n<li>On Cornell notes : <a href=\"https://en.wikipedia.org/wiki/Cornell_Notes\" target=\"_blank\">https://en.wikipedia.org/wiki/Cornell_Notes</a></li>\r\n<li>On SQ5R : <a href=\"https://www.quora.com/What-is-SQ5R-reading-strategy\" target=\"_blank\">https://www.quora.com/What-is-SQ5R-reading-strategy</a></li>\r\n<li>On mind mapping : <a href=\"https://en.wikipedia.org/wiki/Mind_map\" target=\"_blank\">https://en.wikipedia.org/wiki/Mind_map</a></li>\r\n<li>Deep Work, Cal Newport - summary : <a href=\"https://www.samuelthomasdavies.com/book-summaries/business/deep-work/\" target=\"_blank\">https://www.samuelthomasdavies.com/book-summaries/business/deep-work/</a></li>\r\n<li>Mastery, Robert Greene - summary : <a href=\"https://www.nateliason.com/lessons/mastery-robert-greene/\" target=\"_blank\">https://www.nateliason.com/lessons/mastery-robert-greene/</a></li>\r\n<li>On micro habits : <a href=\"https://hackernoon.com/micro-habits-changed-my-life-47f572bfc153\" target=\"_blank\">https://hackernoon.com/micro-habits-changed-my-life-47f572bfc153</a></li>\r\n<li>From <span class=\"font-italic\">Ego is the enemy</span>, Ryan Holiday</li>\r\n</ol>\r\n', 'en'),
(6, 5, 'Securing Symfony entities using the AES-256', 'securing-symfony-entities-using-the-aes-256', '<p>I care about my users. Tech is meant to serve people, not the other way around.</p>\r\n\r\n<p>Encryption is an essential component when it comes to securing user data. In a database, encryption prevents information leaks. It can also be used to anonymize all the knowledge gathered in an application, to make it private, personal.</p>\r\n\r\n<p>In a word, encrypting is caring.</p>\r\n\r\n<p>This article proposes an implementation of the most secured encryption standard available, the Advanced Encryption Standard (AES, also known as Rijndael) over 256 bits, in order to secure the storage of Entity properties in the PHP framework Symfony.</p>\r\n\r\n<h2>Design choice</h2>\r\n<p>Symfony is a MVC framework.</p>\r\n<p>Three possibilities : </p>\r\n<ul>\r\n    <li>Encryption service : inject an Encryption service when using the entity\'s CRUD service</li>\r\n    <li>Define a new entity annotation</li>\r\n    <li>Directly inside the Entity : encrypt/decrypt directly from the entity\'s getters and setters</li>\r\n</ul>\r\n<p>I choose the last one for three reasons :</p>\r\n<ul>\r\n    <li>Accessing encrypted data from Twig will appear no different from accessing unencrypted properties : {{object.property}}</li>\r\n    <li>It keeps things simple : no additional service layer, just a slightly thicker entity class. Best practices suggest to use an additional service layer, but I don\'t like the idea of explicitly parsing the data to look for encrypted properties. It\'s just a personal preference.</li>\r\n    <li><span class=\"font-weight-bold\">Defining a new entity annotation would be the cleanest option</span> for the Symfony framework, but it\'s also the most complex one. I want to give a raw AES implementation, easy to replicate in any PHP program.</li>\r\n</ul>\r\n\r\n<h2>Encryption algorithm</h2>\r\n<p>In PHP, encryption is managed by the official implementation of the OpenSSL library<sup>[1]</sup>.</p>\r\n<p>PHP not providing multiple inheritance, I resort to a trait<sup>[2]</sup> to make the code more reusable throughout the web application.</p>\r\n<p>Encryptable.php</p>\r\n<pre>\r\n&lt;?php\r\nnamespace App\\Entity;\r\n\r\ntrait Encryptable{\r\n\r\n    /**\r\n      * This function encrypts the input following the Advanced Encryption Standard over 256 bits\r\n      *\r\n      * @param string $data The input data to encrypt\r\n      *\r\n      * @return string the encrypted data\r\n      */\r\n    public function encrypt($data){\r\n\r\n        //the cipher method\r\n        $method = \'aes-256-cbc\';\r\n\r\n        //your app AES password\r\n        $key = $_ENV[\'AES_PASSWORD\'];\r\n\r\n        //generate an initialization vector on 16 random bytes (size defined by the AES specification)\r\n        $iv = openssl_random_pseudo_bytes(16);\r\n\r\n        //OPENSSL_RAW_DATA makes sure that the function returns a raw binary representation of the data without encoding (by default, the data is base64-encoded so my code here is redundant in order to be clearer)\r\n        //the result is base64-encoded so that it\'s easier to manipulate the data across any sub-systems\r\n        $encrypted_data = base64_encode(openssl_encrypt($data, $method, $key, OPENSSL_RAW_DATA, $iv));\r\n\r\n        //we need the initialization vector to decrypt the data later\r\n        $result = $encrypted_data . \':\' . base64_encode($iv);\r\n\r\n        return $result;\r\n\r\n    }\r\n\r\n    /**\r\n      * This function decrypts the input following the Advanced Encryption Standard over 256 bits\r\n      *\r\n      * @param string $encrypted_data The input encrypted data to decrypt\r\n      *\r\n      * @return string the original data\r\n      */\r\n    public function decrypt($encrypted_data){\r\n\r\n        //just the inverse operation\r\n\r\n        $method = \'aes-256-cbc\';\r\n\r\n        $key = $_ENV[\'AES_PASSWORD\'];\r\n\r\n        $data_parts = explode(\':\', $encrypted_data);\r\n        $data = base64_decode($data_parts[0]);\r\n        $iv = base64_decode($data_parts[1]);\r\n\r\n        $result = openssl_decrypt($data, $method, $key, OPENSSL_RAW_DATA, $iv);\r\n\r\n        return $result;\r\n    }\r\n}\r\n</pre>\r\n\r\n<h2>Setting up the AES password</h2>\r\n\r\n<p>Encode a password to be used by the AES algorithm, using Symfony\'s command line interface :</p>\r\n<div class=\"text-center\">\r\n<img src=\"/uploads/article/screenshot_password_encode.jpg\" alt=\"Picture : Encoding a password using Symfony\'s command line interface\">\r\n</div>\r\n\r\n<p>Obviously, don\'t hard code the password. Instead, set up a dedicated environment variable :</p>\r\n\r\n<p>.env</p>\r\n<pre>\r\nAES_PASSWORD=&lt;your bcrypted password by Symfony&gt;\r\n</pre>\r\n\r\n\r\n<h2>Integration to an Entity</h2>\r\n\r\n<p>Now, all needs to be done is to integrate the trait inside the class of the entity.</p>\r\n\r\n<p>Operation.php</p>\r\n<pre>\r\n&lt;?php\r\nnamespace App\\Entity;\r\n\r\nuse Doctrine\\ORM\\Mapping as ORM;\r\n\r\n//import the trait\r\nuse App\\Entity\\Encryptable;\r\n\r\n/**\r\n * @ORM\\Entity\r\n * @ORM\\Table(name=\"Operation\")\r\n */\r\nclass Operation{\r\n    /**\r\n     * @ORM\\Column(type=\"integer\")\r\n     * @ORM\\Id\r\n     * @ORM\\GeneratedValue(strategy=\"AUTO\")\r\n     */\r\n    private $id;\r\n    /**\r\n     * @ORM\\Column(type=\"string\", length=260)\r\n     */\r\n    private $amount;\r\n\r\n    public function __construct(){\r\n    }\r\n\r\n    //// GETTERS\r\n\r\n    public function getId(){\r\n        return $this->id;\r\n    }\r\n\r\n    public function getAmount(){\r\n        // the decrypt() function is ready to use\r\n        return $this->decrypt($this->amount);\r\n    }\r\n\r\n    //// SETTERS\r\n\r\n    public function setAmount($amount){\r\n        // the encrypt() function is ready to use\r\n        $this->amount = $this->encrypt($amount);\r\n        return $this;\r\n    }\r\n\r\n    //// FUNCTIONS\r\n\r\n    // integrate the trait\r\n    use Encryptable;\r\n}\r\n</pre>\r\n\r\n<p>The Entity can now be seamlessly manipulated by the service or controller layers.</p>\r\n\r\n<h2>Conclusion</h2>\r\n\r\n<p>Your data is now safe !</p>\r\n<p>How the encrypted data looks like : </p>\r\n<div class=\"text-center\">\r\n<img src=\"/uploads/article/screenshot_encoded_database.jpg\" alt=\"Picture : Encoded database\">\r\n</div>\r\n\r\n<p>And once it\'s decrypted : </p>\r\n<div class=\"text-center\">\r\n<img src=\"/uploads/article/screenshot_decoded_result.jpg\" alt=\"Picture : Decoded result\">\r\n</div>\r\n\r\n<p>I hope your users will never have to thank you for this, but at least you can rest assured you did the right thing :)</p>\r\n\r\n<p>References :</p>\r\n<ol>\r\n<li>Official documentation of PHP\'s OpenSSL encrypt implementation  : <a href=\"http://php.net/manual/fr/function.openssl-encrypt.php\" target=\"_blank\">http://php.net/manual/fr/function.openssl-encrypt.php</a></li>\r\n<li>PHP official documentation - Trait  : <a href=\"http://php.net/manual/en/language.oop5.traits.php\" target=\"_blank\">http://php.net/manual/en/language.oop5.traits.php</a></li>\r\n<li>AES-256 encryption and decryption in PHP and C# : <a href=\"https://gist.github.com/odan/138dbd41a0c5ef43cbf529b03d814d7c#file-with_bcrypt_password_hash-md\" target=\"_blank\">https://gist.github.com/odan/138dbd41a0c5ef43cbf529b03d814d7c#file-with_bcrypt_password_hash-md</a></li>\r\n<li>The Missing PHP AES Encryption Example : <a href=\"https://blog.turret.io/the-missing-php-aes-encryption-example/\" target=\"_blank\">https://blog.turret.io/the-missing-php-aes-encryption-example/</a></li>\r\n<li>Complete specification of the Rijndael Block Cipher : <a href=\"https://csrc.nist.gov/CSRC/media/Projects/Cryptographic-Standards-and-Guidelines/documents/aes-development/Rijndael-ammended.pdf\" target=\"_blank\">https://csrc.nist.gov/CSRC/media/Projects/Cryptographic-Standards-and-Guidelines/documents/aes-development/Rijndael-ammended.pdf</a></li>\r\n</ol>\r\n', 'en');

-- --------------------------------------------------------

--
-- Structure de la table `SymfonyUser`
--

CREATE TABLE `SymfonyUser` (
  `id` int(11) NOT NULL,
  `name` varchar(100) COLLATE utf8_unicode_ci NOT NULL,
  `surname` varchar(100) COLLATE utf8_unicode_ci NOT NULL,
  `username` varchar(100) COLLATE utf8_unicode_ci NOT NULL,
  `password` varchar(255) COLLATE utf8_unicode_ci NOT NULL,
  `salt` varchar(255) COLLATE utf8_unicode_ci DEFAULT NULL,
  `roles` longtext COLLATE utf8_unicode_ci COMMENT '(DC2Type:array)',
  `email` varchar(60) COLLATE utf8_unicode_ci NOT NULL,
  `subscription_date` datetime NOT NULL
) ENGINE=InnoDB DEFAULT CHARSET=utf8 COLLATE=utf8_unicode_ci;

--
-- Déchargement des données de la table `SymfonyUser`
--

INSERT INTO `SymfonyUser` (`id`, `name`, `surname`, `username`, `password`, `salt`, `roles`, `email`, `subscription_date`) VALUES
(1, 'Basile', 'Samel', 'basunako@gmail.com', '$2y$12$jBRR17YXy9BQv20hGjYA/OfC/UDNidcAJlo.DzWvtGdAsJMvA3Vza', NULL, 'a:1:{i:0;s:9:\"ROLE_USER\";}', 'basunako@gmail.com', '2018-06-22 00:00:00');

-- --------------------------------------------------------

--
-- Structure de la table `Tag`
--

CREATE TABLE `Tag` (
  `id` int(11) NOT NULL
) ENGINE=InnoDB DEFAULT CHARSET=utf8 COLLATE=utf8_unicode_ci;

--
-- Déchargement des données de la table `Tag`
--

INSERT INTO `Tag` (`id`) VALUES
(1),
(2),
(3),
(4);

-- --------------------------------------------------------

--
-- Structure de la table `TagTranslation`
--

CREATE TABLE `TagTranslation` (
  `id` int(11) NOT NULL,
  `tag_id` int(11) DEFAULT NULL,
  `name` varchar(255) COLLATE utf8_unicode_ci NOT NULL,
  `slug` varchar(255) COLLATE utf8_unicode_ci NOT NULL,
  `language` varchar(5) COLLATE utf8_unicode_ci NOT NULL
) ENGINE=InnoDB DEFAULT CHARSET=utf8 COLLATE=utf8_unicode_ci;

--
-- Déchargement des données de la table `TagTranslation`
--

INSERT INTO `TagTranslation` (`id`, `tag_id`, `name`, `slug`, `language`) VALUES
(1, 1, 'Tech', 'tech', 'en'),
(2, 2, 'Essay', 'essay', 'en'),
(3, 3, 'Justinien', 'justinien', 'en'),
(4, 4, 'Log', 'log', 'en');

--
-- Index pour les tables déchargées
--

--
-- Index pour la table `Article`
--
ALTER TABLE `Article`
  ADD PRIMARY KEY (`id`);

--
-- Index pour la table `articles_tags`
--
ALTER TABLE `articles_tags`
  ADD PRIMARY KEY (`tag_id`,`article_id`),
  ADD KEY `IDX_35405361BAD26311` (`tag_id`),
  ADD KEY `IDX_354053617294869C` (`article_id`);

--
-- Index pour la table `ArticleTranslation`
--
ALTER TABLE `ArticleTranslation`
  ADD PRIMARY KEY (`id`),
  ADD KEY `IDX_302153717294869C` (`article_id`);

--
-- Index pour la table `SymfonyUser`
--
ALTER TABLE `SymfonyUser`
  ADD PRIMARY KEY (`id`),
  ADD UNIQUE KEY `UNIQ_8C081DA7F85E0677` (`username`),
  ADD UNIQUE KEY `UNIQ_8C081DA7E7927C74` (`email`);

--
-- Index pour la table `Tag`
--
ALTER TABLE `Tag`
  ADD PRIMARY KEY (`id`);

--
-- Index pour la table `TagTranslation`
--
ALTER TABLE `TagTranslation`
  ADD PRIMARY KEY (`id`),
  ADD KEY `IDX_39C1C049BAD26311` (`tag_id`);

--
-- AUTO_INCREMENT pour les tables déchargées
--

--
-- AUTO_INCREMENT pour la table `Article`
--
ALTER TABLE `Article`
  MODIFY `id` int(11) NOT NULL AUTO_INCREMENT, AUTO_INCREMENT=11;
--
-- AUTO_INCREMENT pour la table `ArticleTranslation`
--
ALTER TABLE `ArticleTranslation`
  MODIFY `id` int(11) NOT NULL AUTO_INCREMENT, AUTO_INCREMENT=10;
--
-- AUTO_INCREMENT pour la table `SymfonyUser`
--
ALTER TABLE `SymfonyUser`
  MODIFY `id` int(11) NOT NULL AUTO_INCREMENT, AUTO_INCREMENT=2;
--
-- AUTO_INCREMENT pour la table `Tag`
--
ALTER TABLE `Tag`
  MODIFY `id` int(11) NOT NULL AUTO_INCREMENT, AUTO_INCREMENT=5;
--
-- AUTO_INCREMENT pour la table `TagTranslation`
--
ALTER TABLE `TagTranslation`
  MODIFY `id` int(11) NOT NULL AUTO_INCREMENT, AUTO_INCREMENT=5;
--
-- Contraintes pour les tables déchargées
--

--
-- Contraintes pour la table `articles_tags`
--
ALTER TABLE `articles_tags`
  ADD CONSTRAINT `FK_354053617294869C` FOREIGN KEY (`article_id`) REFERENCES `Article` (`id`) ON DELETE CASCADE,
  ADD CONSTRAINT `FK_35405361BAD26311` FOREIGN KEY (`tag_id`) REFERENCES `Tag` (`id`) ON DELETE CASCADE;

--
-- Contraintes pour la table `ArticleTranslation`
--
ALTER TABLE `ArticleTranslation`
  ADD CONSTRAINT `FK_302153717294869C` FOREIGN KEY (`article_id`) REFERENCES `Article` (`id`);

--
-- Contraintes pour la table `TagTranslation`
--
ALTER TABLE `TagTranslation`
  ADD CONSTRAINT `FK_39C1C049BAD26311` FOREIGN KEY (`tag_id`) REFERENCES `Tag` (`id`);
COMMIT;

/*!40101 SET CHARACTER_SET_CLIENT=@OLD_CHARACTER_SET_CLIENT */;
/*!40101 SET CHARACTER_SET_RESULTS=@OLD_CHARACTER_SET_RESULTS */;
/*!40101 SET COLLATION_CONNECTION=@OLD_COLLATION_CONNECTION */;
